{"Train/NumEpisodes": 6, "Train/AverageReturns": 197.83333333333334, "Train/AverageStepsPerSecond": 107.68986849051178, "Eval/NumEpisodes": 629, "Eval/AverageReturns": 198.74403815580285, "_runtime": 7111, "_timestamp": 1630089540, "_step": 25}