{"Train/NumEpisodes": 6, "Train/AverageReturns": -11.128407882598424, "Train/AverageStepsPerSecond": 223.34073412423854, "Eval/NumEpisodes": 154, "Eval/AverageReturns": 8.370457913869936, "_runtime": 6322, "_timestamp": 1630119375, "_step": 29, "_wandb": {"runtime": 6325}}