Wall time,Step,Value
1615226457.1219356,0,9.018017768859863
1615226462.3621087,1,27.605262756347656
1615226467.5305426,2,128.375
1615226472.845199,3,149.85714721679688
1615226478.2045891,4,105.0
1615226483.379738,5,145.2857208251953
1615226488.504307,6,100.69999694824219
1615226494.473806,7,146.875
1615226499.5544825,8,167.6666717529297
1615226505.6133606,9,164.14285278320312
1615226511.563047,10,192.1666717529297
1615226516.935739,11,146.7142791748047
1615226522.8554683,12,188.6666717529297
1615226528.0610552,13,200.0
1615226533.248846,14,200.0
1615226538.4237032,15,200.0
1615226543.6288433,16,200.0
1615226549.4569108,17,184.3333282470703
1615226554.8282993,18,117.22222137451172
1615226560.0822332,19,114.33333587646484
1615226565.3197775,20,129.125
1615226570.9152744,21,122.55555725097656
1615226576.400418,22,105.0999984741211
1615226581.676433,23,171.0
1615226586.968078,24,62.29411697387695
1615226592.094749,25,24.414634704589844
1615226597.119183,26,52.6315803527832
1615226602.3009624,27,101.80000305175781
1615226608.0264258,28,128.11111450195312
1615226613.6639524,29,156.2857208251953
