{"Train/NumEpisodes": 10, "Train/AverageReturns": -103.7, "Train/AverageStepsPerSecond": 257.0211746029312, "Eval/NumEpisodes": 385, "Eval/AverageReturns": -324.77142857142854, "_runtime": 1553, "_timestamp": 1630110486, "_step": 29, "_wandb": {"runtime": 1554}}