{"Train/NumEpisodes": 7, "Train/AverageReturns": 150.85714285714286, "Train/AverageStepsPerSecond": 260.04895597259764, "Eval/NumEpisodes": 757, "Eval/AverageReturns": 165.1426684280053, "_runtime": 295, "_timestamp": 1630111499, "_step": 6}