{"Train/NumEpisodes": 8, "Train/AverageReturns": -129.375, "Train/AverageStepsPerSecond": 265.36356836138066, "Eval/NumEpisodes": 1154, "Eval/AverageReturns": -108.33535528596187, "_runtime": 1030, "_timestamp": 1631148503, "_step": 29, "_wandb": {"runtime": 1031}}