{"Train/NumEpisodes": 4, "Train/AverageReturns": -306.5, "Train/AverageStepsPerSecond": 65.38671738420818, "Eval/NumEpisodes": 211, "Eval/AverageReturns": -594.8530805687204, "_runtime": 624, "_timestamp": 1631147116, "_step": 1}