{"Train/NumEpisodes": 97, "Train/AverageReturns": 10.309278350515465, "Train/AverageStepsPerSecond": 228.81827690176542, "Eval/NumEpisodes": 13079, "Eval/AverageReturns": 9.557305604404007, "_runtime": 97, "_timestamp": 1630110580, "_step": 1}