{"Train/NumEpisodes": 40, "Train/AverageReturns": -194.85490338415596, "Train/AverageStepsPerSecond": 276.03149134138283, "Eval/NumEpisodes": 1220, "Eval/AverageReturns": -166.3818893735794, "_runtime": 2285, "_timestamp": 1630105030, "_step": 29, "_wandb": {"runtime": 2288}}