{"Train/NumEpisodes": 9, "Train/AverageReturns": -120.22222222222223, "Train/AverageStepsPerSecond": 252.33268757431873, "Eval/NumEpisodes": 700, "Eval/AverageReturns": -177.78428571428572, "_runtime": 1656, "_timestamp": 1630104401, "_step": 29, "_wandb": {"runtime": 1656}}