Wall time,Step,Value
1615243079.4697595,0,58.842105865478516
1615243090.2301164,1,62.5625
1615243101.1805854,2,127.5
1615243112.5212395,3,151.42857360839844
1615243124.2356489,4,138.125
1615243135.5739317,5,152.7142791748047
1615243146.5564592,6,171.1666717529297
1615243158.4646633,7,185.1666717529297
1615243169.3357112,8,169.0
1615243181.2682738,9,186.1666717529297
1615243192.759292,10,178.3333282470703
1615243205.1001334,11,191.0
1615243217.4878473,12,191.1666717529297
1615243229.7313962,13,190.8333282470703
1615243240.469663,14,200.0
1615243252.800918,15,192.1666717529297
1615243263.660604,16,200.0
1615243276.4331753,17,199.3333282470703
1615243287.3632638,18,200.0
1615243298.1339357,19,200.0
1615243308.8261812,20,200.0
1615243319.484413,21,200.0
1615243330.2558837,22,200.0
1615243341.021018,23,200.0
1615243353.7088957,24,199.3333282470703
1615243364.6579812,25,200.0
1615243375.5747776,26,200.0
1615243386.409447,27,200.0
1615243398.5866559,28,188.3333282470703
1615243411.212134,29,193.8333282470703
