Wall time,Step,Value
1615229764.54596,0,9.49056625366211
1615229775.1047263,1,9.44339656829834
1615229785.6858013,2,9.471697807312012
1615229796.226484,3,9.383177757263184
1615229806.9876173,4,17.96491241455078
1615229817.6959453,5,48.095237731933594
1615229828.2583983,6,13.373332977294922
1615229839.0612972,7,12.325301170349121
1615229849.7792659,8,72.85713958740234
1615229861.1294065,9,120.11111450195312
1615229872.1624613,10,150.14285278320312
1615229883.143094,11,150.14285278320312
1615229893.8784866,12,171.1666717529297
1615229905.244509,13,180.5
1615229916.4225512,14,151.85714721679688
1615229928.1538827,15,158.2857208251953
1615229939.7271345,16,156.2857208251953
1615229951.6854534,17,161.42857360839844
1615229962.5769267,18,172.3333282470703
1615229973.388204,19,170.8333282470703
1615229984.4798226,20,151.42857360839844
1615229995.329055,21,147.85714721679688
1615230006.3081813,22,149.14285278320312
1615230017.5494828,23,152.2857208251953
1615230028.7299263,24,177.6666717529297
1615230039.893019,25,175.5
1615230051.2259867,26,178.8333282470703
1615230062.4195871,27,177.6666717529297
1615230073.735357,28,154.14285278320312
1615230084.6234221,29,172.8333282470703
