Wall time,Step,Value
1615243427.088745,0,9.718446731567383
1615243438.0625863,1,19.056604385375977
1615243449.2031872,2,20.41176414489746
1615243459.9875157,3,100.19999694824219
1615243471.237174,4,130.25
1615243482.046659,5,144.2857208251953
1615243493.0977466,6,146.42857360839844
1615243505.2769392,7,162.57142639160156
1615243516.3382852,8,171.6666717529297
1615243528.349857,9,189.3333282470703
1615243539.887074,10,181.6666717529297
1615243552.169452,11,192.6666717529297
1615243564.8299115,12,199.0
1615243577.555633,13,199.1666717529297
1615243589.8425045,14,193.1666717529297
1615243601.9828172,15,190.0
1615243614.6729407,16,192.8333282470703
1615243625.3860877,17,200.0
1615243636.1170077,18,200.0
1615243646.7484477,19,200.0
1615243657.36901,20,200.0
1615243669.949468,21,199.3333282470703
1615243680.58956,22,200.0
1615243691.1880834,23,200.0
1615243703.9282196,24,199.3333282470703
1615243716.247479,25,190.8333282470703
1615243728.8420782,26,197.3333282470703
1615243740.9114509,27,187.1666717529297
1615243751.6701074,28,200.0
1615243762.4487839,29,200.0
