Wall time,Step,Value
1615231779.560908,0,9.518867492675781
1615231790.1148355,1,9.5
1615231800.6379964,2,9.433961868286133
1615231812.256206,3,14.389610290527344
1615231823.2941077,4,115.22222137451172
1615231834.0855286,5,30.969696044921875
1615231844.8755317,6,17.084745407104492
1615231855.548724,7,20.5510196685791
1615231867.0096936,8,56.31578826904297
1615231878.2481766,9,106.30000305175781
1615231889.4110231,10,152.14285278320312
1615231900.1472788,11,170.1666717529297
1615231911.508607,12,179.6666717529297
1615231923.092103,13,184.8333282470703
1615231935.080809,14,191.5
1615231946.0724397,15,174.1666717529297
1615231957.5824542,16,181.8333282470703
1615231968.5833032,17,174.0
1615231980.7250407,18,193.0
1615231992.5364752,19,187.6666717529297
1615232004.343834,20,188.6666717529297
1615232015.0264244,21,169.0
1615232027.4498916,22,199.1666717529297
1615232039.800502,23,196.6666717529297
1615232051.6209464,24,187.6666717529297
1615232063.4716299,25,189.3333282470703
1615232075.649248,26,193.6666717529297
1615232087.982595,27,196.5
1615232100.3817623,28,197.6666717529297
1615232111.8650138,29,181.1666717529297
