Wall time,Step,Value
1615253044.7786322,0,9.54285717010498
1615253052.0164907,1,9.324073791503906
1615253059.2778728,2,9.920791625976562
1615253066.556325,3,9.462264060974121
1615253074.116309,4,26.487178802490234
1615253081.5978703,5,104.0999984741211
1615253090.0248094,6,143.125
1615253097.4090164,7,145.85714721679688
1615253105.0927596,8,132.875
1615253112.9675539,9,116.22222137451172
1615253121.063859,10,123.66666412353516
1615253128.8801897,11,121.33333587646484
1615253136.5512018,12,120.0
1615253144.1538541,13,117.66666412353516
1615253151.8368077,14,119.77777862548828
1615253159.7013159,15,121.22222137451172
1615253167.031109,16,144.0
1615253175.4511964,17,166.7142791748047
1615253183.735793,18,164.2857208251953
1615253191.568869,19,156.85714721679688
1615253199.722543,20,162.85714721679688
1615253207.9431057,21,164.14285278320312
1615253216.1617863,22,165.0
1615253224.7273798,23,170.2857208251953
1615253232.568833,24,179.3333282470703
1615253240.723601,25,188.5
1615253248.9856632,26,192.8333282470703
1615253257.2483752,27,192.5
1615253265.6976192,28,199.0
1615253272.7678928,29,200.0
