Wall time,Step,Value
1615246251.2131555,0,9.392523765563965
1615246258.568024,1,9.462264060974121
1615246265.9453654,2,9.5
1615246273.3006597,3,9.420560836791992
1615246280.5644956,4,9.392523765563965
1615246287.797698,5,11.247191429138184
1615246295.120965,6,19.60784339904785
1615246302.5819292,7,9.373831748962402
1615246309.9681318,8,9.462264060974121
1615246317.3788867,9,9.342592239379883
1615246324.8223817,10,9.277777671813965
1615246332.1623595,11,9.673076629638672
1615246339.6302693,12,11.49438190460205
1615246347.062059,13,28.94285774230957
1615246354.8734443,14,89.41666412353516
1615246362.9369028,15,186.1666717529297
1615246370.1387982,16,200.0
1615246377.4098606,17,200.0
1615246386.0547953,18,197.0
1615246394.290963,19,190.5
1615246401.7334437,20,170.5
1615246409.2339725,21,172.1666717529297
1615246417.2384458,22,182.0
1615246425.2872608,23,138.875
1615246433.1127558,24,97.90908813476562
1615246440.6161213,25,86.41666412353516
1615246448.210611,26,87.66666412353516
1615246455.9329872,27,88.58333587646484
1615246463.8008978,28,90.58333587646484
1615246471.3352485,29,93.2727279663086
