{"Train/NumEpisodes": 102, "Train/AverageReturns": 9.872549019607844, "Train/AverageStepsPerSecond": 230.78334763549833, "Eval/NumEpisodes": 12604, "Eval/AverageReturns": 9.918200571247223, "_runtime": 1390, "_timestamp": 1630110323, "_step": 29, "_wandb": {"runtime": 1391}}