{"Train/NumEpisodes": 41, "Train/AverageReturns": -181.13960472741078, "Train/AverageStepsPerSecond": 277.7274252083766, "Eval/NumEpisodes": 1093, "Eval/AverageReturns": -143.78280849670298, "_runtime": 2315, "_timestamp": 1630111248, "_step": 29, "_wandb": {"runtime": 2319}}