{"Train/NumEpisodes": 12, "Train/AverageReturns": -84.75, "Train/AverageStepsPerSecond": 262.2193498386836, "Eval/NumEpisodes": 1336, "Eval/AverageReturns": -92.6190119760479, "_runtime": 1524, "_timestamp": 1630114577, "_step": 29, "_wandb": {"runtime": 1525}}