{"Train/NumEpisodes": 100, "Train/AverageReturns": 10.02, "Train/AverageStepsPerSecond": 242.54802017168322, "Eval/NumEpisodes": 12564, "Eval/AverageReturns": 9.949538363578478, "_runtime": 281, "_timestamp": 1630111177, "_step": 5}