{"Train/NumEpisodes": 100, "Train/AverageReturns": 10.01, "Train/AverageStepsPerSecond": 249.26698520528453, "Eval/NumEpisodes": 12607, "Eval/AverageReturns": 9.915364480050766, "_runtime": 1398, "_timestamp": 1630104143, "_step": 29, "_wandb": {"runtime": 1399}}