{"Train/NumEpisodes": 5, "Train/AverageReturns": 200.0, "Train/AverageStepsPerSecond": 107.12139647163507, "Eval/NumEpisodes": 626, "Eval/AverageReturns": 199.9888178913738, "_runtime": 8204, "_timestamp": 1630090633, "_step": 29, "_wandb": {"runtime": 8205}}