Wall time,Step,Value
1615298833.42652,0,9.533333778381348
1615298841.5908058,1,9.35513973236084
1615298849.7765408,2,9.86274528503418
1615298857.816249,3,10.11111068725586
1615298866.7105827,4,32.14285659790039
1615298875.1613612,5,178.1666717529297
1615298883.291644,6,200.0
1615298892.340078,7,190.6666717529297
1615298901.126874,8,186.3333282470703
1615298909.2892013,9,172.5
1615298917.5787702,10,173.5
1615298926.3230157,11,183.3333282470703
1615298934.9408169,12,156.2857208251953
1615298943.4156132,13,149.85714721679688
1615298952.1653094,14,156.0
1615298960.815897,15,155.42857360839844
1615298969.8229856,16,161.2857208251953
1615298978.1771212,17,149.85714721679688
1615298987.3042605,18,166.0
1615298995.393729,19,170.3333282470703
1615299004.0328074,20,135.0
1615299012.5384476,21,153.7142791748047
1615299021.44006,22,156.85714721679688
1615299029.742042,23,174.1666717529297
1615299038.697056,24,160.57142639160156
1615299048.16901,25,195.6666717529297
1615299056.1975055,26,169.8333282470703
1615299064.2415073,27,200.0
1615299073.402121,28,189.3333282470703
1615299081.440287,29,200.0
