{"Train/NumEpisodes": 6, "Train/AverageReturns": 195.66666666666666, "Train/AverageStepsPerSecond": 262.23488314998434, "Eval/NumEpisodes": 663, "Eval/AverageReturns": 188.7843137254902, "_runtime": 1261, "_timestamp": 1630114314, "_step": 29, "_wandb": {"runtime": 1262}}